photo,photos
photo,closeup
photo,photo
photo,photograph
photo,snapshot
photo,map
photo,maps
photo,photographs
photo,picture
photo,telephoto
proximity,distance
proximity,proximity
fingerprint,fingerprint
focus,focusing
focus,focus
touch,impact
touch,striking
touch,touch
touch,flick
vibration,flutter
vibration,rotation
vibration,gesture
vibration,movement
vibration,tremor
vibration,closing
vibration,vibration
flash,gleaming
flash,spark
flash,flash
pixel,pixel
touchscreen,touchscreen
lcd,lcd
compass,compass
autofocus,laser
autofocus,device
autofocus,autofocus
autofocus,lens
autofocus,viewfinder
autofocus,projector
daydream,imagination
zoom,elevation
zoom,mounting
zoom,zoom
detection,seeing
detection,detection
video,video
video,videos
barometer,gauge
barometer,accelerometer
barometer,clock
barometer,timer
barometer,barometer
barometer,timepiece
barometer,radar
barometer,pedometer
barometer,watch
barometer,altimeter
loudspeaker,loudspeaker
loudspeaker,microphone
loudspeaker,earphone
loudspeaker,mike
loudspeaker,headphone
network,network
sms,sms
sms,tungsten
sms,titanium
sms,aluminium
sms,rbs
sms,las
sms,iron
sms,lithium
sms,nis
sms,magnesium
sms,gallium
sms,zinc
sms,copper
sms,mercury
sms,metal
sms,tis
sms,aluminum
sensor,machine
sensor,stabiliser
sensor,stylus
sensor,gadget
sensor,adaptor
sensor,device
sensor,reset
sensor,strengthener
sensor,appliance
sensor,key
sensor,keyboard
sensor,magnet
sensor,sensor
sensor,remote
sensor,keys
sensor,blower
sensor,filter
sensor,detector
sensor,fan
sensor,styli
sensor,warmer
sensor,converter
email,email
email,messaging
email,e-mail
noise,grunt
noise,tapping
noise,crunch
noise,buzz
noise,click
noise,tick
noise,twitter
noise,ting
noise,purr
noise,pat
noise,splash
noise,toot
noise,knock
noise,noise
noise,scratching
noise,tap
noise,crash
noise,boom
led,transistor
mms,centimeter
mms,millimeter
mms,nanometer
mms,cms
mms,mms
mms,meter
mms,centimetre
mms,micron
cardboard,cardboard
cardboard,paper
cardboard,wallpaper
cardboard,stuff
cardboard,card
cardboard,pad
cardboard,material
cancellation,cancellation
wlan,internet
wlan,wlan
wlan,net
wlan,ethernet
wlan,www
wlan,wifi
marshmallow,brittle
marshmallow,candy
battery,battery
image,image
image,blur
image,interpretation
image,perception
image,memory
image,representation
primary,election
ips,discipline
ips,science
ips,cryptography
ips,math
size,girth
size,bigness
size,size
size,magnitude
accelerometer,gauge
accelerometer,accelerometer
accelerometer,clock
accelerometer,timer
accelerometer,barometer
accelerometer,timepiece
accelerometer,radar
accelerometer,pedometer
accelerometer,watch
accelerometer,altimeter
panorama,panorama
panorama,sight
panorama,vista
panorama,foreground
panorama,panoramas
panorama,perception
memory,image
memory,blur
memory,interpretation
memory,perception
memory,memory
memory,representation
twister,typhoon
gps,system
gps,gps
corning,corning
sound,ring
sound,sound
sound,voice
record,entry
record,note
record,register
record,translation
record,file
record,account
record,copy
record,record
mp,defender
mp,protector
mp,guardian
mp,inspector
mp,guard
mp,screw
mp,tribune
display,display
display,demo
display,demos
ram,ram
pay,found
pay,pays
pay,salary
pay,pay
pay,wage
pay,payment
hotspot,kashmir
hotspot,carolina
hotspot,serbia
hotspot,hindustan
hotspot,north
hotspot,hotspot
hotspot,lydia
hotspot,midi
hotspot,south
hotspot,surround
hotspot,montenegro
hotspot,gujarat
snapdragon,snapdragon
snapdragon,mum
snapdragon,vanilla
fps,fps
fps,bureau
fps,agency
inch,mesh
inch,inch
performance,movie
performance,concert
performance,spectacular
performance,rendering
performance,pic
performance,performance
performance,film
performance,rendition
android,robot
android,android
camera,cameras
camera,equipment
camera,camera
ios,miss
ios,belle
ios,ios
gyro,grinder
gyro,gyro
gyro,sub
gyro,sandwich
wifi,internet
wifi,wlan
wifi,net
wifi,ethernet
wifi,www
wifi,wifi
face,face
face,lip
face,head
gorilla,gorilla
gorilla,bonobos
talk,chat
talk,chatter
talk,talk
talk,dialog
talk,conversation
photo,photos
photo,photo
photo,photograph
photo,map
photo,maps
photo,photographs
photo,picture
photo,telephoto
proximity,distance
proximity,proximity
fingerprint,fingerprint
focus,focusing
focus,focus
touch,impact
touch,touch
touch,meshing
vibration,flutter
vibration,rotation
vibration,gesture
vibration,movement
vibration,closing
vibration,vibration
flash,spark
flash,flash
flash,flicker
pixel,pixel
touchscreen,touchscreen
lcd,lcd
compass,compass
autofocus,device
autofocus,autofocus
autofocus,lens
autofocus,projector
autofocus,viewfinder
zoom,elevation
zoom,zoom
detection,detection
video,video
video,videos
barometer,gauge
barometer,accelerometer
barometer,clock
barometer,timer
barometer,barometer
barometer,timepiece
barometer,radar
barometer,pedometer
barometer,watch
barometer,altimeter
loudspeaker,microphone
loudspeaker,mike
loudspeaker,headphone
network,network
sms,titanium
sms,sms
sms,tungsten
sms,aluminium
sms,rbs
sms,iron
sms,lithium
sms,nis
sms,smss
sms,copper
sms,mercury
sms,metal
sms,tis
sms,aluminum
sms,las
sensor,machine
sensor,stabiliser
sensor,stylus
sensor,gadget
sensor,adaptor
sensor,device
sensor,strengthener
sensor,reset
sensor,appliance
sensor,key
sensor,warmer
sensor,converter
sensor,keyboard
sensor,magnet
sensor,sensor
sensor,remote
sensor,keys
sensor,filter
sensor,blower
sensor,fan
sensor,styli
email,email
email,messaging
email,e-mail
noise,thunder
noise,grunt
noise,whirring
noise,hissing
noise,crunch
noise,buzz
noise,tick
noise,click
noise,twitter
noise,tapping
noise,pat
noise,splash
noise,knock
noise,noise
noise,brouhaha
noise,beep
noise,hiss
noise,tap
noise,crash
noise,clash
noise,cracking
noise,boom
mms,centimeter
mms,millimeter
mms,nanometer
mms,cms
mms,millimetre
mms,mms
mms,meter
mms,centimetre
mms,metre
mms,micron
cardboard,cardboard
cardboard,paper
cardboard,wallpaper
cardboard,stuff
cardboard,card
cardboard,pad
cardboard,material
cancellation,cancellation
wlan,internet
wlan,intranet
wlan,net
wlan,ethernet
wlan,www
wlan,wifi
marshmallow,candy
battery,battery
image,blur
image,perception
image,image
image,memory
ips,science
ips,cryptography
ips,math
size,girth
size,bigness
size,bulkiness
size,size
accelerometer,gauge
accelerometer,accelerometer
accelerometer,clock
accelerometer,timer
accelerometer,barometer
accelerometer,timepiece
accelerometer,radar
accelerometer,pedometer
accelerometer,watch
accelerometer,altimeter
panorama,panorama
panorama,sight
panorama,vista
panorama,perception
panorama,foreground
panorama,panoramas
memory,blur
memory,perception
memory,image
memory,memory
twister,typhoon
gps,system
gps,gps
corning,corning
sound,sound
sound,voice
record,entry
record,note
record,register
record,translation
record,record
record,file
record,account
record,copy
mp,protector
mp,guardian
mp,guard
mp,tribune
mp,defender
mp,deputy
display,demos
display,demo
display,display
ram,ram
pay,wage
pay,pays
pay,pay
pay,payment
hotspot,carolina
hotspot,serbia
hotspot,hindustan
hotspot,north
hotspot,lydia
hotspot,midi
hotspot,south
hotspot,montenegro
hotspot,gujarat
snapdragon,snapdragon
snapdragon,mum
snapdragon,vanilla
fps,fps
fps,bureau
fps,agency
inch,inch
performance,movie
performance,rendering
performance,concert
performance,spectacular
performance,stopper
performance,performance
performance,film
performance,pic
android,robot
android,android
camera,equipment
camera,camera
camera,cameras
ios,belle
ios,ios
gyro,grinder
gyro,gyro
wifi,internet
wifi,intranet
wifi,net
wifi,ethernet
wifi,www
wifi,wifi
face,face
face,lip
face,neck
face,head
gorilla,bonobos
gorilla,gorilla
talk,chat
talk,talk
talk,prattle
talk,dialog
talk,conversation
photo,photos
photo,photo
photo,photograph
photo,snapshot
photo,map
photo,photographs
photo,maps
photo,picture
photo,telephoto
proximity,distance
proximity,proximity
fingerprint,fingerprint
focus,focusing
focus,focus
touch,impact
touch,striking
touch,touch
vibration,squirm
vibration,gesture
vibration,movement
vibration,closing
vibration,vibration
flash,gleaming
flash,spark
flash,flash
pixel,pixel
touchscreen,touchscreen
lcd,lcd
autofocus,device
autofocus,laser
autofocus,autofocus
autofocus,lens
autofocus,viewfinder
secondary,formation
daydream,imagination
zoom,elevation
zoom,mounting
zoom,zoom
detection,detection
detection,sensation
video,video
video,videos
barometer,gauge
barometer,accelerometer
barometer,clock
barometer,timer
barometer,barometer
barometer,radar
barometer,watch
loudspeaker,microphone
loudspeaker,earphone
loudspeaker,headphone
loudspeaker,mike
network,network
sms,aluminium
sms,las
sms,lithium
sms,nis
sms,magnesium
sms,smss
sms,copper
sms,cus
sms,metal
sms,tin
sms,aluminum
sensor,machine
sensor,stabiliser
sensor,stylus
sensor,gadget
sensor,adaptor
sensor,device
sensor,appliance
sensor,reset
sensor,detector
sensor,key
sensor,warmer
sensor,converter
sensor,keyboard
sensor,magnet
sensor,sensor
sensor,remote
sensor,filter
sensor,blower
sensor,fan
sensor,styli
email,email
email,messaging
email,e-mail
noise,grunt
noise,tick
noise,crunch
noise,buzz
noise,click
noise,twitter
noise,tapping
noise,pat
noise,knock
noise,popping
noise,noise
noise,tap
noise,crash
noise,banging
noise,boom
led,transistor
mms,centimeter
mms,millimeter
mms,nanometer
mms,millimetre
mms,meter
mms,centimetre
cardboard,paper
cardboard,chad
cardboard,wallpaper
cardboard,stuff
cardboard,card
cardboard,pad
cardboard,manila
cardboard,material
cancellation,cancellation
wlan,internet
wlan,net
wlan,ethernet
wlan,www
wlan,wifi
marshmallow,candy
marshmallow,marshmallow
battery,battery
image,image
image,blur
image,perception
image,memory
ips,cryptography
ips,math
size,girth
size,bulkiness
size,size
size,magnitude
accelerometer,gauge
accelerometer,accelerometer
accelerometer,clock
accelerometer,timer
accelerometer,barometer
accelerometer,radar
accelerometer,watch
panorama,panorama
panorama,sight
panorama,vista
panorama,foreground
panorama,panoramas
panorama,perception
memory,image
memory,blur
memory,perception
memory,memory
twister,twister
gps,system
gps,gps
sound,ring
sound,voice
sound,sound
record,note
record,translation
record,file
record,entry
record,account
record,copy
record,record
mp,defender
mp,watchdog
mp,protector
mp,guardian
mp,tribune
mp,sheriff
mp,deputy
display,demo
display,display
display,demos
ram,ram
pay,found
pay,pay
pay,wage
pay,payment
hotspot,carolina
hotspot,leon
hotspot,serbia
hotspot,north
hotspot,hotspot
hotspot,south
hotspot,montenegro
hotspot,gujarat
snapdragon,snapdragon
snapdragon,aster
snapdragon,mum
fps,fps
fps,bureau
fps,epa
fps,fcc
fps,sss
fps,agency
inch,mile
inch,inch
performance,movie
performance,concert
performance,spectacular
performance,performance
performance,film
android,robot
android,android
camera,cameras
camera,equipment
camera,camera
ios,miss
ios,peri
ios,ios
gyro,gyro
wifi,internet
wifi,net
wifi,ethernet
wifi,www
wifi,wifi
face,face
face,appendage
face,head
gorilla,gorilla
talk,chat
talk,talk
talk,chatter
talk,prattle
talk,conversation
photo,photos
photo,photo
photo,photograph
photo,snapshot
photo,map
photo,photographs
photo,picture
photo,telephoto
proximity,distance
proximity,proximity
fingerprint,fingerprint
focus,focusing
focus,focus
touch,impact
touch,touch
touch,flick
vibration,rotation
vibration,posing
vibration,gesture
vibration,movement
vibration,closing
vibration,vibration
flash,spark
flash,flash
flash,flicker
flash,glimmer
pixel,pixel
touchscreen,touchscreen
lcd,lcd
compass,compass
autofocus,device
autofocus,laser
autofocus,lens
autofocus,projector
daydream,daydream
daydream,imagination
zoom,zoom
detection,seeing
detection,sensation
detection,detection
video,video
video,videos
barometer,accelerometer
barometer,clock
barometer,barometer
barometer,radar
barometer,watch
loudspeaker,loudspeaker
loudspeaker,microphone
loudspeaker,earphone
loudspeaker,earpiece
loudspeaker,mike
loudspeaker,headphone
network,network
sms,sms
sms,aluminium
sms,iron
sms,nis
sms,metal
sms,aluminum
sensor,machine
sensor,stabiliser
sensor,device
sensor,stylus
sensor,gadget
sensor,contraption
sensor,adaptor
sensor,reset
sensor,key
sensor,converter
sensor,keyboard
sensor,magnet
sensor,sensor
sensor,remote
sensor,filter
sensor,blower
sensor,fan
sensor,combs
email,email
email,messaging
noise,thunder
noise,pant
noise,whirring
noise,hissing
noise,crunch
noise,chattering
noise,buzz
noise,click
noise,grumbling
noise,twitter
noise,tick
noise,pat
noise,splash
noise,clamor
noise,tap
noise,noise
noise,brouhaha
noise,hiss
noise,crash
noise,cracking
noise,boom
led,transistor
mms,millimeter
mms,millimetre
mms,kms
mms,meter
mms,metre
cardboard,paper
cardboard,stuff
cardboard,card
cardboard,pad
cardboard,material
cancellation,cancellation
wlan,internet
wlan,net
wlan,www
wlan,wifi
marshmallow,nougat
battery,battery
image,image
image,blur
image,interpretation
image,memory
image,representation
ips,science
ips,math
size,size
size,sizes
accelerometer,accelerometer
accelerometer,clock
accelerometer,barometer
accelerometer,radar
accelerometer,watch
panorama,panorama
panorama,sight
panorama,foreground
memory,image
memory,blur
memory,interpretation
memory,memory
memory,representation
gps,system
gps,gps
sound,ring
sound,voice
sound,sound
record,note
record,register
record,translation
record,file
record,entry
record,account
record,copy
record,record
mp,cop
mp,watchdog
mp,protector
mp,guardian
mp,deputy
mp,guard
mp,tribune
display,demo
display,display
ram,ram
pay,pay
pay,payment
hotspot,north
hotspot,hotspot
hotspot,south
hotspot,surround
snapdragon,snapdragon
snapdragon,aster
fps,fps
fps,bureau
fps,agency
inch,yard
inch,inch
performance,movie
performance,rendering
performance,concert
performance,spectacular
performance,performance
performance,film
performance,pic
android,robot
android,android
camera,cameras
camera,equipment
camera,camera
ios,miss
ios,ios
gyro,gyro
wifi,internet
wifi,net
wifi,www
wifi,wifi
face,face
face,appendage
face,head
talk,confab
talk,talk
talk,chatter
talk,conversation
talk,prattle
photo,photos
photo,hologram
photo,picture
photo,photograph
photo,photo
photo,snapshot
photo,telephoto
photo,effigy
photo,map
photo,photographs
proximity,distance
proximity,proximity
fingerprint,fingerprint
focus,focussing
focus,focusing
focus,focus
touch,collision
touch,flick
touch,impact
touch,touch
vibration,sitting
vibration,closing
vibration,gesture
vibration,rotation
vibration,movement
flash,happening
flash,glimmer
flash,flash
flash,occurrence
flash,spark
pixel,pixel
touchscreen,touchscreen
lcd,lcd
lcd,lcds
compass,compass
compass,sonar
compass,instrument
autofocus,viewfinder
autofocus,laser
autofocus,autofocus
autofocus,projector
autofocus,device
autofocus,lens
secondary,secondary
secondary,formation
daydream,imagination
daydream,daydream
zoom,rising
zoom,elevation
zoom,climbing
zoom,zoom
zoom,raising
detection,sensation
detection,detection
detection,sensing
video,video
video,videos
barometer,accelerometer
barometer,clock
barometer,tonometer
barometer,timer
barometer,gauge
barometer,pedometer
barometer,thermometer
barometer,radar
barometer,watch
barometer,rangefinder
barometer,sonar
barometer,instrument
barometer,barometer
barometer,timepiece
barometer,speedometer
barometer,altimeter
loudspeaker,tweeter
loudspeaker,subwoofer
loudspeaker,transducer
loudspeaker,earpiece
loudspeaker,loudspeaker
loudspeaker,woofer
loudspeaker,mike
loudspeaker,microphone
loudspeaker,earphone
loudspeaker,headphone
network,network
sms,titanium
sms,cus
sms,scs
sms,cobalt
sms,rbs
sms,cass
sms,wolfram
sms,sms
sms,pos
sms,cess
sms,ess
sms,aluminium
sms,erss
sms,lithium
sms,poss
sms,cas
sms,magnesium
sms,zinc
sms,bks
sms,sbs
sms,copper
sms,vanadium
sms,nickel
sms,neodymium
sms,las
sms,iron
sms,nis
sms,lis
sms,mercury
sms,metal
sms,tis
sms,tin
sms,aluminum
sensor,stabiliser
sensor,stylus
sensor,gadget
sensor,heater
sensor,key
sensor,filter
sensor,shredder
sensor,machine
sensor,snowshoe
sensor,adaptor
sensor,reset
sensor,magnet
sensor,keyboard
sensor,remote
sensor,detector
sensor,convertor
sensor,take-up
sensor,sensor
sensor,breathalyzer
sensor,pto
sensor,instrument
sensor,contraption
sensor,clip-on
sensor,device
sensor,appliance
sensor,converter
sensor,keys
sensor,blower
sensor,fan
email,email
email,messaging
email,e-mail
noise,humming
noise,rattle
noise,ting
noise,sizzle
noise,knock
noise,racket
noise,grunt
noise,tapping
noise,buzz
noise,tick
noise,click
noise,thunder
noise,clang
noise,squeal
noise,whistle
noise,splash
noise,oink
noise,hiss
noise,din