agency,fps
tapping,noise
photo,photo
proximity,proximity
flicker,flash
focus,focus
meter,mms
stylus,sensor
radar,accelerometer
paper,cardboard
gauge,accelerometer
keyboard,sensor
touch,touch
defender,mp
tis,sms
centimeter,mms
wage,pay
note,record
copy,record
maps,photo
flash,flash
styli,sensor
micron,mms
meshing,touch
pay,pay
pixel,pixel
centimetre,mms
carolina,hotspot
photographs,photo
sound,sound
touchscreen,touchscreen
elevation,zoom
spectacular,performance
gadget,sensor
blur,image
watch,accelerometer
timepiece,accelerometer
lcd,lcd
fan,sensor
compass,compass
tungsten,sms
rotation,vibration
tick,noise
autofocus,autofocus
smss,sms
knock,noise
stopper,performance
aluminum,sms
impact,touch
zoom,zoom
candy,marshmallow
magnet,sensor
stuff,cardboard
movie,performance
cms,mms
www,wlan
concert,performance
foreground,panorama
stabiliser,sensor
rbs,sms
twitter,noise
serbia,hotspot
detection,detection
hindustan,hotspot
noise,noise
video,video
sight,panorama
strengthener,sensor
lydia,hotspot
hissing,noise
nanometer,mms
click,noise
network,network
clock,accelerometer
thunder,noise
cameras,camera
sms,sms
gujarat,hotspot
e-mail,email
bureau,fps
internet,wlan
mum,snapdragon
net,wlan
sensor,sensor
email,email
math,ips
movement,vibration
crunch,noise
perception,panorama
barometer,barometer
guardian,mp
payment,pay
mms,mms
key,sensor
viewfinder,autofocus
prattle,talk
spark,flash
cardboard,cardboard
altimeter,accelerometer
hiss,noise
card,cardboard
lens,autofocus
midi,hotspot
vibration,vibration
metre,mms
timer,accelerometer
filter,sensor
fingerprint,fingerprint
dialog,talk
buzz,noise
messaging,email
protector,mp
cancellation,cancellation
south,hotspot
copper,sms
splash,noise
deputy,mp
battery,battery
pays,pay
image,image
headphone,loudspeaker
rendering,performance
guard,mp
tribune,mp
telephoto,photo
panoramas,panorama
size,size
mercury,sms
beep,noise
millimetre,mms
projector,autofocus
accelerometer,accelerometer
panorama,panorama
system,gps
blower,sensor
bigness,size
camera,camera
memory,memory
las,sms
gps,gps
head,face
pic,performance
north,hotspot
adaptor,sensor
montenegro,hotspot
photos,photo
warmer,sensor
typhoon,twister
corning,corning
focusing,focus
translation,record
grunt,noise
brouhaha,noise
whirring,noise
reset,sensor
distance,proximity
photograph,photo
converter,sensor
demos,display
science,ips
vanilla,snapdragon
appliance,sensor
record,record
iron,sms
intranet,wlan
closing,vibration
voice,sound
display,display
girth,size
aluminium,sms
wifi,wlan
tap,noise
file,record
videos,video
demo,display
pad,cardboard
mike,loudspeaker
pedometer,accelerometer
titanium,sms
ram,ram
chat,talk
crash,noise
film,performance
microphone,loudspeaker
grinder,gyro
cryptography,ips
conversation,talk
belle,ios
pat,noise
snapdragon,snapdragon
machine,sensor
equipment,camera
lip,face
boom,noise
fps,fps
inch,inch
performance,performance
android,android
lithium,sms
map,photo
material,cardboard
clash,noise
keys,sensor
wallpaper,cardboard
ios,ios
vista,panorama
millimeter,mms
cracking,noise
ethernet,wlan
device,sensor
nis,sms
account,record
flutter,vibration
bonobos,gorilla
picture,photo
remote,sensor
neck,face
gyro,gyro
register,record
metal,sms
robot,android
face,face
gorilla,gorilla
talk,talk
bulkiness,size
entry,record
gesture,vibration
