photo,photo
proximity,proximity
focus,focus
meter,mms
stylus,sensor
radar,barometer
paper,cardboard
gauge,barometer
keyboard,sensor
touch,touch
defender,mp
centimeter,mms
autofocus,autofocus
impact,touch
note,record
copy,record
cus,sms
sheriff,mp
vibration,vibration
flash,flash
styli,sensor
pixel,pixel
centimetre,mms
carolina,hotspot
photographs,photo
sound,sound
touchscreen,touchscreen
elevation,zoom
manila,cardboard
spectacular,performance
gadget,sensor
blur,image
watch,barometer
account,record
sss,fps
lcd,lcd
fan,sensor
fingerprint,fingerprint
tick,noise
detector,sensor
smss,sms
knock,noise
aluminum,sms
zoom,zoom
candy,marshmallow
magnet,sensor
magnitude,size
wage,pay
found,pay
mile,inch
www,wlan
concert,performance
foreground,panorama
stabiliser,sensor
twitter,noise
serbia,hotspot
sensation,detection
detection,detection
perception,panorama
video,video
sight,panorama
nanometer,mms
click,noise
popping,noise
deputy,mp
squirm,vibration
network,network
clock,barometer
bulkiness,size
maps,photo
cameras,camera
gujarat,hotspot
e-mail,email
stuff,cardboard
bureau,fps
internet,wlan
mum,snapdragon
net,wlan
sensor,sensor
email,email
math,ips
movement,vibration
crunch,noise
noise,noise
barometer,barometer
guardian,mp
formation,secondary
key,sensor
viewfinder,autofocus
prattle,talk
spark,flash
ios,ios
card,cardboard
lens,autofocus
timer,barometer
filter,sensor
conversation,talk
buzz,noise
messaging,email
protector,mp
cancellation,cancellation
south,hotspot
copper,sms
marshmallow,marshmallow
striking,touch
battery,battery
image,image
leon,hotspot
headphone,loudspeaker
gleaming,flash
telephoto,photo
panoramas,panorama
watchdog,mp
ring,sound
miss,ios
size,size
millimetre,mms
videos,video
accelerometer,accelerometer
panorama,panorama
peri,ios
system,gps
blower,sensor
camera,camera
memory,memory
twister,twister
mounting,zoom
gps,gps
head,face
north,hotspot
adaptor,sensor
tap,noise
transistor,led
montenegro,hotspot
photos,photo
tapping,noise
focusing,focus
translation,record
grunt,noise
chatter,talk
reset,sensor
distance,proximity
photograph,photo
laser,autofocus
converter,sensor
appliance,sensor
record,record
magnesium,sms
appendage,face
warmer,sensor
closing,vibration
voice,sound
display,display
girth,size
tribune,mp
aluminium,sms
earphone,loudspeaker
file,record
chad,cardboard
demo,display
ram,ram
mike,loudspeaker
banging,noise
demos,display
chat,talk
crash,noise
film,performance
microphone,loudspeaker
pat,noise
cryptography,ips
pay,pay
agency,fps
hotspot,hotspot
snapdragon,snapdragon
machine,sensor
equipment,camera
tin,sms
pad,cardboard
boom,noise
fps,fps
inch,inch
performance,performance
android,android
lithium,sms
map,photo
material,cardboard
wallpaper,cardboard
aster,snapdragon
vista,panorama
millimeter,mms
fcc,fps
entry,record
device,sensor
nis,sms
payment,pay
las,sms
picture,photo
remote,sensor
gyro,gyro
wifi,wlan
metal,sms
robot,android
face,face
gorilla,gorilla
snapshot,photo
talk,talk
movie,performance
ethernet,wlan
gesture,vibration
epa,fps
