network,network
gsm,network
cdma,network
hspa,network
evdo,network
lte,network
nano,network
nanosim,network
pay,pay
wlan,wlan
wifi,wifi
hotspot,hotspot
nfc,nfc
gps,gps
bluetooth,bluetooth
usb,usb
fingerprint,fingerprint
accelerometer,accelerometer
gyro,gyro
proximity,proximity
compass,compass
barometer,barometer
imessage,imessage
sms,sms
mms,mms
email,email
siri,siri
icloud,icloud
facetime,facetime
otg,otg
quickcharge,quickcharge
svoice,svoice
onedrive,onedrive
cardboard,cardboard
size,size
display,display
touchscreen,display
touch,display
zoom,display
pixel,display
inch,display
lcd,display
corning,display
gorilla,display
ips,display
optimus,display
touchwiz,display
performance,performance
a9,performance
dual-core,performance
ios,performance
android,performance
twister,performance
a10,performance
marshmallow,performance
snapdragon,performance
quadcore,performance
adreno,performance
exynos,performance
octacore,performance
memory,memory
ram,memory
microsd,memory
camera,camera
primary,camera
secondary,camera
flash,camera
sensor,camera
geotagging,camera
4k,camera
video,camera
hdr,camera
panorama,camera
photo,camera
touch,camera
focus,camera
record,camera
image,camera
mp,camera
megapixel,camera
fps,camera
face,camera
detection,camera
autofocus,camera
led,camera
1080,camera
720,camera
sound,sound
vibration,sound
ringtones,sound
loudspeaker,sound
mic,sound
noise,sound
cancellation,sound
battery,battery
non-removable,battery
mah,battery
talk,battery
daydream,daydream
