copper,sms
photo,photo
proximity,proximity
fingerprint,fingerprint
focus,focus
meter,mms
stylus,sensor
radar,barometer
paper,cardboard
gauge,barometer
keyboard,sensor
touch,touch
take-up,sensor
impact,touch
note,record
copy,record
cus,sms
vibration,vibration
flash,flash
styli,sensor
instrument,compass
device,sensor
pad,cardboard
pixel,pixel
centimetre,mms
toffee,marshmallow
photographs,photo
sound,sound
touchscreen,touchscreen
spectacular,performance
gadget,sensor
material,cardboard
watch,barometer
photograph,photo
primary,primary
lcd,lcd
fan,sensor
compass,compass
autofocus,autofocus
knock,noise
timepiece,barometer
aluminum,sms
zoom,zoom
candy,marshmallow
magnet,sensor
stuff,cardboard
found,pay
blur,image
mile,inch
magnetometer,barometer
www,wlan
representation,image
concert,performance
foreground,panorama
splash,noise
twitter,noise
sensation,detection
detection,detection
perception,panorama
video,video
sight,panorama
girl,ios
nanometer,mms
click,noise
flower,snapdragon
network,network
clock,barometer
thunder,noise
cameras,camera
sms,sms
bureau,fps
internet,wlan
rendition,performance
net,wlan
sensor,sensor
email,email
movement,vibration
crunch,noise
noise,noise
barometer,barometer
earphone,loudspeaker
formation,secondary
key,sensor
viewfinder,autofocus
cardboard,cardboard
altimeter,barometer
card,cardboard
projector,autofocus
sub,gyro
metre,mms
sumer,hotspot
surround,hotspot
filter,sensor
conversation,talk
buzz,noise
messaging,email
south,hotspot
heater,sensor
marshmallow,marshmallow
deputy,mp
battery,battery
image,image
pos,sms
headphone,loudspeaker
rendering,performance
guard,mp
tribune,mp
telephoto,photo
watchdog,mp
ring,sound
miss,ios
size,size
videos,video
accelerometer,accelerometer
panorama,panorama
system,gps
blower,sensor
camera,camera
memory,memory
micron,mms
nougat,marshmallow
gps,gps
dialogue,talk
ram,ram
north,hotspot
transistor,led
photos,photo
rangefinder,barometer
corning,corning
focusing,focus
translation,record
grunt,noise
reset,sensor
distance,proximity
account,record
laser,autofocus
converter,sensor
demos,display
science,ips
vanilla,snapdragon
appliance,sensor
record,record
magnesium,sms
iron,sms
warmer,sensor
closing,vibration
voice,sound
display,display
girth,size
aluminium,sms
wifi,wlan
tap,noise
file,record
chad,cardboard
demo,display
pic,performance
head,face
titanium,sms
chat,talk
lcds,lcd
boom,noise
film,performance
confab,talk
microphone,loudspeaker
pat,noise
pay,pay
agency,fps
mike,loudspeaker
hotspot,hotspot
snapdragon,snapdragon
machine,sensor
equipment,camera
lip,face
earpiece,loudspeaker
fps,fps
inch,inch
performance,performance
android,android
lithium,sms
contraption,sensor
map,photo
lan,wlan
clash,noise
screw,mp
vista,panorama
whistling,noise
lens,autofocus
clatter,noise
cracking,noise
ethernet,wlan
rolling,noise
panoramas,panorama
payment,pay
las,sms
picture,photo
remote,sensor
neck,face
gyro,gyro
register,record
metal,sms
robot,android
face,face
gorilla,gorilla
gesture,vibration
movie,performance
entry,record
talk,talk
