pto,sensor
effigy,photo
tweeter,loudspeaker
cobalt,sms
mile,inch
zinc,sms
take-up,sensor
scs,sms
punjab,hotspot
flash,flash
cess,sms
midwest,hotspot
sitting,vibration
focus,focus
snowshoe,sensor
fan,sensor
daydream,daydream
magnet,sensor
subwoofer,loudspeaker
cms,mms
flick,touch
occurrence,flash
sensation,detection
video,video
click,noise
sub,gyro
clock,accelerometer
thunder,noise
blur,image
net,wlan
microchip,led
movement,vibration
lea,inch
barometer,barometer
guardian,mp
ranger,mp
packing,cardboard
begonia,snapdragon
cardboard,cardboard
metre,mms
convertor,sensor
cancellation,cancellation
deputy,mp
ips,ips
gorillas,gorilla
ape,gorilla
projector,autofocus
peri,ios
splash,noise
memory,memory
lcds,lcd
account,record
collision,touch
cas,sms
science,ips
viewfinder,autofocus
closing,vibration
toffee,marshmallow
earphone,loudspeaker
chit,ios
titanium,sms
earpiece,loudspeaker
snapdragon,snapdragon
machine,sensor
fps,fps
autofocus,autofocus
nara,fps
wolfram,sms
contraption,sensor
map,photo
lan,wlan
sandwich,gyro
wallpaper,cardboard
millimeter,mms
mesh,inch
bks,sms
siberia,hotspot
las,sms
climbing,zoom
crepe,cardboard
neck,face
vanadium,sms
register,record
robot,android
oink,noise
ethernet,wlan
talk,talk
interpretation,image
meter,mms
stylus,sensor
radar,accelerometer
zep,gyro
paper,cardboard
keyboard,sensor
neodymium,sms
yorkshire,hotspot
pixel,pixel
centimetre,mms
crash,noise
gadget,sensor
material,cardboard
fingerprint,fingerprint
rotation,vibration
clip-on,sensor
magnitude,size
found,pay
dixie,hotspot
stabiliser,sensor
girl,ios
beefburger,gyro
flower,snapdragon
network,network
blt,gyro
cameras,camera
sms,sms
ftc,fps
internet,wlan
sensor,sensor
sbs,sms
perception,panorama
mms,mms
formation,secondary
card,cardboard
yard,inch
timer,accelerometer
filter,sensor
conversation,talk
south,hotspot
ding,noise
copper,sms
wlan,wlan
primary,primary
telephoto,photo
nis,sms
ring,sound
miss,ios
size,size
mercury,sms
system,gps
escort,mp
kos,inch
twister,twister
gps,gps
adaptor,sensor
transistor,led
typhoon,twister
corning,corning
focusing,focus
translation,record
copy,record
distance,proximity
photograph,photo
dossier,record
magnesium,sms
iron,sms
notess,record
hologram,photo
rattle,noise
ram,ram
pedometer,accelerometer
agronomy,ips
screw,mp
microphone,loudspeaker
agency,fps
hotspot,hotspot
note,record
equipment,camera
lip,face
thermometer,accelerometer
performance,performance
detector,sensor
golan,hotspot
maiden,ios
tornado,twister
fcc,fps
representation,image
device,sensor
payment,pay
webcam,camera
chronicle,record
gyro,gyro
metal,sms
face,face
psychology,ips
snapshot,photo
gesture,vibration
belle,ios
gauge,accelerometer
defender,mp
impact,touch
grunt,noise
cheeseburger,gyro
carolina,hotspot
photographs,photo
touchscreen,touchscreen
jazz,talk
watch,accelerometer
clang,noise
whistle,noise
breast,face
chat,talk
compass,compass
ssa,fps
secondary,secondary
timepiece,accelerometer
aluminum,sms
stuff,cardboard
caramel,marshmallow
sonar,compass
concert,performance
detection,detection
racket,noise
loudspeaker,loudspeaker
movie,performance
bureau,fps
iccs,fps
hiss,noise
email,email
transducer,loudspeaker
wage,pay
key,sensor
spark,flash
caledonia,hotspot
cop,mp
lass,ios
speedometer,accelerometer
normandy,hotspot
buzz,noise
protector,mp
battery,battery
pos,sms
leon,hotspot
humming,noise
millimetre,mms
accelerometer,accelerometer
blower,sensor
ting,noise
yak,talk
dame,ios
dialogue,talk
nickel,sms
tap,noise
photos,photo
tapping,noise
erss,sms
chatter,talk
sound,sound
laser,autofocus
vanilla,snapdragon
rbs,sms
cass,sms
voice,sound
girth,size
veronica,snapdragon
aluminium,sms
file,record
demo,display
lapland,hotspot
demos,display
tonometer,accelerometer
inspector,mp
pat,noise
metrology,ips
pay,pay
pad,cardboard
northwest,hotspot
manila,cardboard
inch,inch
android,android
lithium,sms
keys,sensor
ios,ios
breathalyzer,sensor
woofer,loudspeaker
entry,record
sensing,detection
epa,fps
photo,photo
proximity,proximity
touch,touch
discipline,ips
cus,sms
instrument,compass
elevation,zoom
spectacular,performance
lis,sms
lcd,lcd
tick,noise
knock,noise
maghreb,hotspot
bobby,mp
zoom,zoom
candy,marshmallow
www,wlan
twitter,noise
election,primary
sight,panorama
nanometer,mms
orchid,snapdragon
ess,sms
icc,fps
hurricane,twister
overlap,image
e-mail,email
noise,noise
keeper,mp
altimeter,accelerometer
poss,sms
surround,hotspot
dialog,talk
messaging,email
marshal,mp
heater,sensor
marshmallow,marshmallow
image,image
headphone,loudspeaker
rendering,performance
guard,mp
rising,zoom
watchdog,mp
wan,wlan
panorama,panorama
camera,camera
missy,ios
glimmer,flash
shredder,sensor
nougat,marshmallow
head,face
sizzle,noise
north,hotspot
ligne,inch
raising,zoom
reset,sensor
converter,sensor
appliance,sensor
record,record
display,display
labrador,hotspot
videos,video
focussing,focus
pic,performance
mike,loudspeaker
imagination,daydream
tribune,mp
film,performance
vista,panorama
tis,sms
tin,sms
boom,noise
picture,photo
lens,autofocus
registry,record
rolling,noise
panoramas,panorama
squeal,noise
remote,sensor
happening,flash
wifi,wlan
gorilla,gorilla
pension,pay
bulkiness,size
rangefinder,accelerometer
