demo,display
agency,fps
interpretation,image
copper,sms
photo,photo
proximity,proximity
fingerprint,fingerprint
focus,focus
meter,mms
stylus,sensor
radar,barometer
paper,cardboard
gauge,barometer
zinc,sms
keyboard,sensor
touch,touch
defender,mp
brittle,marshmallow
centimeter,mms
detector,sensor
discipline,ips
machine,sensor
copy,record
maps,photo
flash,flash
styli,sensor
micron,mms
pad,cardboard
pixel,pixel
centimetre,mms
carolina,hotspot
photographs,photo
sound,sound
touchscreen,touchscreen
sub,gyro
elevation,zoom
cryptography,ips
gadget,sensor
blur,image
watch,barometer
account,record
lcd,lcd
closeup,photo
compass,compass
tungsten,sms
rotation,vibration
tick,noise
autofocus,autofocus
knock,noise
timepiece,barometer
aluminum,sms
impact,touch
zoom,zoom
candy,marshmallow
magnet,sensor
stuff,cardboard
wage,pay
found,pay
cms,mms
vanilla,snapdragon
flick,touch
www,wlan
representation,image
concert,performance
foreground,panorama
stabiliser,sensor
appliance,sensor
twitter,noise
serbia,hotspot
detection,detection
hindustan,hotspot
perception,panorama
video,video
election,primary
sight,panorama
strengthener,sensor
lydia,hotspot
nanometer,mms
click,noise
buzz,noise
loudspeaker,loudspeaker
material,cardboard
network,network
clock,barometer
movie,performance
cameras,camera
sms,sms
gujarat,hotspot
e-mail,email
magnitude,size
bureau,fps
internet,wlan
mum,snapdragon
rendition,performance
net,wlan
sensor,sensor
email,email
math,ips
movement,vibration
crunch,noise
noise,noise
barometer,barometer
guardian,mp
payment,pay
mms,mms
key,sensor
tremor,vibration
spark,flash
cardboard,cardboard
altimeter,barometer
card,cardboard
lens,autofocus
midi,hotspot
vibration,vibration
kashmir,hotspot
timer,barometer
filter,sensor
conversation,talk
dialog,talk
mounting,zoom
messaging,email
protector,mp
cancellation,cancellation
south,hotspot
seeing,detection
splash,noise
wlan,wlan
fan,sensor
striking,touch
battery,battery
pays,pay
image,image
headphone,loudspeaker
rendering,performance
guard,mp
gleaming,flash
telephoto,photo
panoramas,panorama
tap,noise
ring,sound
miss,ios
size,size
mercury,sms
ting,noise
projector,autofocus
accelerometer,accelerometer
panorama,panorama
system,gps
blower,sensor
bigness,size
camera,camera
memory,memory
bonobos,gorilla
gps,gps
head,face
ethernet,wlan
north,hotspot
adaptor,sensor
transistor,led
montenegro,hotspot
photos,photo
toot,noise
tapping,noise
corning,corning
focusing,focus
translation,record
grunt,noise
chatter,talk
surround,hotspot
reset,sensor
distance,proximity
photograph,photo
laser,autofocus
converter,sensor
demos,display
science,ips
scratching,noise
rbs,sms
record,record
warmer,sensor
magnesium,sms
iron,sms
viewfinder,autofocus
closing,vibration
voice,sound
display,display
girth,size
tribune,mp
aluminium,sms
wifi,wlan
earphone,loudspeaker
file,record
videos,video
gallium,sms
pic,performance
mike,loudspeaker
pedometer,barometer
titanium,sms
ram,ram
chat,talk
crash,noise
inspector,mp
film,performance
purr,noise
microphone,loudspeaker
grinder,gyro
spectacular,performance
belle,ios
pat,noise
hotspot,hotspot
snapdragon,snapdragon
note,record
equipment,camera
lip,face
boom,noise
fps,fps
inch,inch
performance,performance
android,android
lithium,sms
map,photo
sandwich,gyro
tis,sms
screw,mp
keys,sensor
wallpaper,cardboard
ios,ios
vista,panorama
millimeter,mms
mesh,inch
entry,record
device,sensor
nis,sms
flutter,vibration
las,sms
salary,pay
picture,photo
remote,sensor
gyro,gyro
register,record
metal,sms
robot,android
face,face
gorilla,gorilla
snapshot,photo
talk,talk
pay,pay
typhoon,twister
gesture,vibration
